{
    "metrics": {
        "data_sent": {
            "count": 4699440,
            "rate": 249303.22320955587
        },
        "http_req_sending": {
            "avg": 0.3378286000000001,
            "min": 0,
            "med": 0,
            "max": 25.0037,
            "p(90)": 1.0005,
            "p(95)": 1.002305
        },
        "vus": {
            "value": 53,
            "min": 0,
            "max": 3000
        },
        "data_received": {
            "count": 44453769,
            "rate": 2358252.8759837416
        },
        "http_req_waiting": {
            "avg": 7419.239688099991,
            "min": 5.9996,
            "med": 7359.74265,
            "max": 16614.1026,
            "p(90)": 13252.01989,
            "p(95)": 14501.009655000002
        },
        "http_req_duration{expected_response:true}": {
            "avg": 7796.67481462995,
            "min": 432.6872,
            "med": 7729.8455,
            "max": 16823.6814,
            "p(90)": 13469.59314,
            "p(95)": 14704.707559999997
        },
        "http_req_tls_handshaking": {
            "p(90)": 607.2259,
            "p(95)": 627.2273700000001,
            "avg": 391.395884733334,
            "min": 8,
            "med": 385.08180000000004,
            "max": 656.6414
        },
        "iteration_duration": {
            "avg": 9163.455024566687,
            "min": 1751.3399,
            "med": 9134.588899999999,
            "max": 18629.3523,
            "p(90)": 15224.5831,
            "p(95)": 16436.167145
        },
        "http_req_receiving": {
            "avg": 131.71851306666647,
            "min": 0,
            "med": 206.9665,
            "max": 630.718,
            "p(90)": 209.32068,
            "p(95)": 210.11669
        },
        "vus_max": {
            "value": 3000,
            "min": 2756,
            "max": 3000
        },
        "checks": {
            "passes": 3000,
            "fails": 33000,
            "value": 0.08333333333333333
        },
        "http_req_blocked": {
            "med": 605.82885,
            "max": 948.5498,
            "p(90)": 809.22488,
            "p(95)": 843.811755,
            "avg": 611.3164460333335,
            "min": 249.1401
        },
        "iterations": {
            "count": 3000,
            "rate": 159.14867933810572
        },
        "http_req_failed": {
            "passes": 95,
            "fails": 2905,
            "value": 0.03166666666666667
        },
        "http_req_duration": {
            "avg": 7551.296029766668,
            "min": 7.999,
            "med": 7477.39535,
            "max": 16823.6814,
            "p(90)": 13427.936469999999,
            "p(95)": 14676.177020000001
        },
        "http_reqs": {
            "count": 3000,
            "rate": 159.14867933810572
        },
        "http_req_connecting": {
            "avg": 149.1057972333328,
            "min": 117.5889,
            "med": 156.5905,
            "max": 180.9994,
            "p(90)": 174.0021,
            "p(95)": 175.9997
        }
    },
    "root_group": {
        "path": "",
        "id": "d41d8cd98f00b204e9800998ecf8427e",
        "groups": {},
        "checks": {
                "200 OK": {
                    "path": "::200 OK",
                    "id": "e9654c443eff553da9e69eda7007924e",
                    "passes": 2905,
                    "fails": 95,
                    "name": "200 OK"
                },
                "201 Created": {
                    "path": "::201 Created",
                    "id": "728dcd977aae263ca314731145e1d447",
                    "passes": 0,
                    "fails": 3000,
                    "name": "201 Created"
                },
                "204 No Content": {
                    "passes": 0,
                    "fails": 3000,
                    "name": "204 No Content",
                    "path": "::204 No Content",
                    "id": "54fa3c2eda34e1622fda2da5e0479fc5"
                },
                "400 Bad Request": {
                    "fails": 3000,
                    "name": "400 Bad Request",
                    "path": "::400 Bad Request",
                    "id": "eeae81934b9b58bccaf0184a6d070338",
                    "passes": 0
                },
                "401 Unauthorized": {
                    "fails": 3000,
                    "name": "401 Unauthorized",
                    "path": "::401 Unauthorized",
                    "id": "6ae9254e6aefe7f0bafe5102fa7e20a5",
                    "passes": 0
                },
                "403 Forbidden": {
                    "name": "403 Forbidden",
                    "path": "::403 Forbidden",
                    "id": "655548b761742c5a7ad15aa7df3a5d9c",
                    "passes": 0,
                    "fails": 3000
                },
                "404 Not Found": {
                    "name": "404 Not Found",
                    "path": "::404 Not Found",
                    "id": "df1528f9925ca236bac51008f77b774a",
                    "passes": 95,
                    "fails": 2905
                },
                "429 Too Many Requests": {
                    "name": "429 Too Many Requests",
                    "path": "::429 Too Many Requests",
                    "id": "b810c35b9499cc7342fd415032e3a6aa",
                    "passes": 0,
                    "fails": 3000
                },
                "500 Internal Server Error": {
                    "fails": 3000,
                    "name": "500 Internal Server Error",
                    "path": "::500 Internal Server Error",
                    "id": "3cd96245b24e869810efe46d533b0eef",
                    "passes": 0
                },
                "502 Bad Gateway": {
                    "name": "502 Bad Gateway",
                    "path": "::502 Bad Gateway",
                    "id": "712cb0ec189a11f31f0d6d0c0031b569",
                    "passes": 0,
                    "fails": 3000
                },
                "503 Service Unavailable": {
                    "fails": 3000,
                    "name": "503 Service Unavailable",
                    "path": "::503 Service Unavailable",
                    "id": "f1ea1a22be0dc738c385523a66ea1cd9",
                    "passes": 0
                },
                "504 Gateway Timeout": {
                    "name": "504 Gateway Timeout",
                    "path": "::504 Gateway Timeout",
                    "id": "218efb729cb654723ccd57c6ebbebe29",
                    "passes": 0,
                    "fails": 3000
                }
            },
        "name": ""
    }
}