{
    "metrics": {
        "iterations": {
            "count": 3000,
            "rate": 214.2687793996853
        },
        "http_req_connecting": {
            "avg": 286.5679229333332,
            "min": 39.0037,
            "med": 315.3396,
            "max": 360.7576,
            "p(90)": 338.93462,
            "p(95)": 341.4889
        },
        "http_req_blocked": {
            "med": 700.4010499999999,
            "max": 919.1602,
            "p(90)": 805.2524,
            "p(95)": 820.175355,
            "avg": 678.1694005000013,
            "min": 292.0018
        },
        "http_req_receiving": {
            "avg": 135.39602000000005,
            "min": 0,
            "med": 207.14055000000002,
            "max": 416.1228,
            "p(90)": 209.26901999999998,
            "p(95)": 209.81715499999999
        },
        "http_req_failed": {
            "passes": 0,
            "fails": 3000,
            "value": 0
        },
        "http_req_sending": {
            "max": 34.2243,
            "p(90)": 1.0005,
            "p(95)": 1.002,
            "avg": 0.26131126666666626,
            "min": 0,
            "med": 0
        },
        "data_sent": {
            "count": 5394000,
            "rate": 385255.26536063413
        },
        "http_req_duration{expected_response:true}": {
            "avg": 5691.8951280999945,
            "min": 319.9272,
            "med": 5744.784900000001,
            "max": 11929.9391,
            "p(90)": 9709.15992,
            "p(95)": 10415.792899999999
        },
        "http_req_duration": {
            "avg": 5691.8951280999945,
            "min": 319.9272,
            "med": 5744.784900000001,
            "max": 11929.9391,
            "p(90)": 9709.15992,
            "p(95)": 10415.792899999999
        },
        "http_reqs": {
            "rate": 214.2687793996853,
            "count": 3000
        },
        "vus_max": {
            "min": 3000,
            "max": 3000,
            "value": 3000
        },
        "http_req_waiting": {
            "avg": 5556.237796833326,
            "min": 314.9279,
            "med": 5587.4282,
            "max": 11717.7033,
            "p(90)": 9548.32142,
            "p(95)": 10210.05045
        },
        "data_received": {
            "count": 46119000,
            "rate": 3293953.945711362
        },
        "http_req_tls_handshaking": {
            "p(90)": 477.20138,
            "p(95)": 498.36337499999996,
            "avg": 390.77865996666617,
            "min": 252.8284,
            "med": 385.26210000000003,
            "max": 523.9141
        },
        "checks": {
            "passes": 3000,
            "fails": 33000,
            "value": 0.08333333333333333
        },
        "vus": {
            "value": 85,
            "min": 85,
            "max": 3000
        },
        "iteration_duration": {
            "med": 7405.85365,
            "max": 13762.5975,
            "p(90)": 11486.37493,
            "p(95)": 12201.760805,
            "avg": 7374.751335766669,
            "min": 1615.8355
        }
    },
    "root_group": {
        "id": "d41d8cd98f00b204e9800998ecf8427e",
        "groups": {},
        "checks": {
                "200 OK": {
                    "name": "200 OK",
                    "path": "::200 OK",
                    "id": "e9654c443eff553da9e69eda7007924e",
                    "passes": 3000,
                    "fails": 0
                },
                "201 Created": {
                    "name": "201 Created",
                    "path": "::201 Created",
                    "id": "728dcd977aae263ca314731145e1d447",
                    "passes": 0,
                    "fails": 3000
                },
                "204 No Content": {
                    "name": "204 No Content",
                    "path": "::204 No Content",
                    "id": "54fa3c2eda34e1622fda2da5e0479fc5",
                    "passes": 0,
                    "fails": 3000
                },
                "400 Bad Request": {
                    "name": "400 Bad Request",
                    "path": "::400 Bad Request",
                    "id": "eeae81934b9b58bccaf0184a6d070338",
                    "passes": 0,
                    "fails": 3000
                },
                "401 Unauthorized": {
                    "name": "401 Unauthorized",
                    "path": "::401 Unauthorized",
                    "id": "6ae9254e6aefe7f0bafe5102fa7e20a5",
                    "passes": 0,
                    "fails": 3000
                },
                "403 Forbidden": {
                    "name": "403 Forbidden",
                    "path": "::403 Forbidden",
                    "id": "655548b761742c5a7ad15aa7df3a5d9c",
                    "passes": 0,
                    "fails": 3000
                },
                "404 Not Found": {
                    "path": "::404 Not Found",
                    "id": "df1528f9925ca236bac51008f77b774a",
                    "passes": 0,
                    "fails": 3000,
                    "name": "404 Not Found"
                },
                "429 Too Many Requests": {
                    "passes": 0,
                    "fails": 3000,
                    "name": "429 Too Many Requests",
                    "path": "::429 Too Many Requests",
                    "id": "b810c35b9499cc7342fd415032e3a6aa"
                },
                "500 Internal Server Error": {
                    "path": "::500 Internal Server Error",
                    "id": "3cd96245b24e869810efe46d533b0eef",
                    "passes": 0,
                    "fails": 3000,
                    "name": "500 Internal Server Error"
                },
                "502 Bad Gateway": {
                    "passes": 0,
                    "fails": 3000,
                    "name": "502 Bad Gateway",
                    "path": "::502 Bad Gateway",
                    "id": "712cb0ec189a11f31f0d6d0c0031b569"
                },
                "503 Service Unavailable": {
                    "passes": 0,
                    "fails": 3000,
                    "name": "503 Service Unavailable",
                    "path": "::503 Service Unavailable",
                    "id": "f1ea1a22be0dc738c385523a66ea1cd9"
                },
                "504 Gateway Timeout": {
                    "name": "504 Gateway Timeout",
                    "path": "::504 Gateway Timeout",
                    "id": "218efb729cb654723ccd57c6ebbebe29",
                    "passes": 0,
                    "fails": 3000
                }
            },
        "name": "",
        "path": ""
    }
}