{
    "metrics": {
        "data_received": {
            "count": 20790116,
            "rate": 2773098.860929655
        },
        "http_req_waiting": {
            "min": 243.9997,
            "med": 2650.9588000000003,
            "max": 5572.5778,
            "p(90)": 4585.415789999999,
            "p(95)": 4793.050455,
            "avg": 2658.6307312500053
        },
        "http_req_duration{expected_response:true}": {
            "p(90)": 4585.46999,
            "p(95)": 4793.081185,
            "avg": 2659.58454879167,
            "min": 244.9988,
            "med": 2651.083,
            "max": 5573.6037
        },
        "http_req_blocked": {
            "avg": 582.6757730833347,
            "min": 156.0035,
            "med": 608.23505,
            "max": 1021.4093,
            "p(90)": 821.88278,
            "p(95)": 843.9338749999997
        },
        "http_req_connecting": {
            "min": 83.9974,
            "med": 126.9991,
            "max": 172.0032,
            "p(90)": 134.2174,
            "p(95)": 135.9998,
            "avg": 123.44917533333336
        },
        "http_reqs": {
            "rate": 320.125066460965,
            "count": 2400
        },
        "http_req_receiving": {
            "avg": 0.4349713333333329,
            "min": 0,
            "med": 0.035,
            "max": 20.0008,
            "p(90)": 0.9982399999999999,
            "p(95)": 1.032505
        },
        "vus": {
            "value": 46,
            "min": 46,
            "max": 2400
        },
        "iterations": {
            "count": 2400,
            "rate": 320.125066460965
        },
        "http_req_tls_handshaking": {
            "p(95)": 689.8838,
            "avg": 406.1552512500003,
            "min": 24.0001,
            "med": 420.86675,
            "max": 812.8335,
            "p(90)": 657.88047
        },
        "http_req_sending": {
            "avg": 0.5188462083333344,
            "min": 0,
            "med": 0,
            "max": 108.0036,
            "p(90)": 1.0012,
            "p(95)": 1.0025
        },
        "checks": {
            "passes": 2400,
            "fails": 26400,
            "value": 0.08333333333333333
        },
        "iteration_duration": {
            "min": 1534.3892,
            "med": 4240.6425,
            "max": 7446.7454,
            "p(90)": 6363.16562,
            "p(95)": 6604.8198,
            "avg": 4243.115480458335
        },
        "http_req_duration": {
            "min": 244.9988,
            "med": 2651.083,
            "max": 5573.6037,
            "p(90)": 4585.46999,
            "p(95)": 4793.081185,
            "avg": 2659.58454879167
        },
        "vus_max": {
            "value": 2400,
            "min": 2400,
            "max": 2400
        },
        "http_req_failed": {
            "passes": 0,
            "fails": 2400,
            "value": 0
        },
        "data_sent": {
            "rate": 862416.9290458397,
            "count": 6465600
        }
    },
    "root_group": {
        "checks": {
            "200 OK": {
                "name": "200 OK",
                "path": "::200 OK",
                "id": "e9654c443eff553da9e69eda7007924e",
                "passes": 2400,
                "fails": 0
            },
            "201 Created": {
                "path": "::201 Created",
                "id": "728dcd977aae263ca314731145e1d447",
                "passes": 0,
                "fails": 2400,
                "name": "201 Created"
            },
            "204 No Content": {
                "id": "54fa3c2eda34e1622fda2da5e0479fc5",
                "passes": 0,
                "fails": 2400,
                "name": "204 No Content",
                "path": "::204 No Content"
            },
            "400 Bad Request": {
                "passes": 0,
                "fails": 2400,
                "name": "400 Bad Request",
                "path": "::400 Bad Request",
                "id": "eeae81934b9b58bccaf0184a6d070338"
            },
            "401 Unauthorized": {
                "passes": 0,
                "fails": 2400,
                "name": "401 Unauthorized",
                "path": "::401 Unauthorized",
                "id": "6ae9254e6aefe7f0bafe5102fa7e20a5"
            },
            "403 Forbidden": {
                "id": "655548b761742c5a7ad15aa7df3a5d9c",
                "passes": 0,
                "fails": 2400,
                "name": "403 Forbidden",
                "path": "::403 Forbidden"
            },
            "404 Not Found": {
                "passes": 0,
                "fails": 2400,
                "name": "404 Not Found",
                "path": "::404 Not Found",
                "id": "df1528f9925ca236bac51008f77b774a"
            },
            "429 Too Many Requests": {
                "name": "429 Too Many Requests",
                "path": "::429 Too Many Requests",
                "id": "b810c35b9499cc7342fd415032e3a6aa",
                "passes": 0,
                "fails": 2400
            },
            "500 Internal Server Error": {
                "passes": 0,
                "fails": 2400,
                "name": "500 Internal Server Error",
                "path": "::500 Internal Server Error",
                "id": "3cd96245b24e869810efe46d533b0eef"
            },
            "502 Bad Gateway": {
                "passes": 0,
                "fails": 2400,
                "name": "502 Bad Gateway",
                "path": "::502 Bad Gateway",
                "id": "712cb0ec189a11f31f0d6d0c0031b569"
            },
            "503 Service Unavailable": {
                "fails": 2400,
                "name": "503 Service Unavailable",
                "path": "::503 Service Unavailable",
                "id": "f1ea1a22be0dc738c385523a66ea1cd9",
                "passes": 0
            },
            "504 Gateway Timeout": {
                "name": "504 Gateway Timeout",
                "path": "::504 Gateway Timeout",
                "id": "218efb729cb654723ccd57c6ebbebe29",
                "passes": 0,
                "fails": 2400
            }
        },
        "name": "",
        "path": "",
        "id": "d41d8cd98f00b204e9800998ecf8427e",
        "groups": {}
    }
}