{
    "metrics": {
        "checks": {
            "passes": 2400,
            "fails": 26400,
            "value": 0.08333333333333333
        },
        "http_req_waiting": {
            "p(95)": 2424.1343249999995,
            "avg": 965.2019063333323,
            "min": 2,
            "med": 681.71515,
            "max": 3234.2693,
            "p(90)": 2239.4570599999997
        },
        "vus_max": {
            "value": 2400,
            "min": 2400,
            "max": 2400
        },
        "http_req_connecting": {
            "max": 178.5805,
            "p(90)": 161.581,
            "p(95)": 167.0009,
            "avg": 150.4464929166662,
            "min": 100.5321,
            "med": 151.58515
        },
        "http_req_blocked": {
            "p(95)": 901.636695,
            "avg": 614.4416221249996,
            "min": 172.5774,
            "med": 583.7061000000001,
            "max": 1131.2733,
            "p(90)": 882.17977
        },
        "data_received": {
            "count": 16788495,
            "rate": 3316166.534442672
        },
        "http_req_duration": {
            "med": 682.4781,
            "max": 3236.2178,
            "p(90)": 2240.54546,
            "p(95)": 2426.517009999998,
            "avg": 967.0037485000006,
            "min": 2.9943
        },
        "vus": {
            "value": 233,
            "min": 233,
            "max": 2400
        },
        "http_reqs": {
            "count": 2400,
            "rate": 474.06272466128814
        },
        "data_sent": {
            "count": 6465600,
            "rate": 1277124.9802375103
        },
        "iterations": {
            "count": 2400,
            "rate": 474.06272466128814
        },
        "http_req_tls_handshaking": {
            "p(90)": 712.54409,
            "p(95)": 731.61564,
            "avg": 424.48076137499913,
            "min": 8.9987,
            "med": 385.17409999999995,
            "max": 913.1584
        },
        "http_req_receiving": {
            "avg": 1.0300300416666663,
            "min": 0,
            "med": 0.51605,
            "max": 56.0104,
            "p(90)": 2.0173200000000002,
            "p(95)": 4.2324
        },
        "iteration_duration": {
            "p(90)": 3999.3864499999995,
            "p(95)": 4255.2189899999985,
            "avg": 2582.1403792083343,
            "min": 1386.0649,
            "med": 2104.2271,
            "max": 4882.4715
        },
        "http_req_sending": {
            "p(95)": 1.00311,
            "avg": 0.7718121249999996,
            "min": 0,
            "med": 0,
            "max": 447.7458,
            "p(90)": 1.0013
        },
        "http_req_failed": {
            "passes": 1079,
            "fails": 1321,
            "value": 0.44958333333333333
        },
        "http_req_duration{expected_response:true}": {
            "avg": 1535.91170310371,
            "min": 289.6117,
            "med": 1519.7343,
            "max": 3236.2178,
            "p(90)": 2406.6185,
            "p(95)": 2547.3256
        }
    },
    "root_group": {
        "name": "",
        "path": "",
        "id": "d41d8cd98f00b204e9800998ecf8427e",
        "groups": {},
        "checks": {
                "200 OK": {
                    "passes": 1321,
                    "fails": 1079,
                    "name": "200 OK",
                    "path": "::200 OK",
                    "id": "e9654c443eff553da9e69eda7007924e"
                },
                "201 Created": {
                    "fails": 2400,
                    "name": "201 Created",
                    "path": "::201 Created",
                    "id": "728dcd977aae263ca314731145e1d447",
                    "passes": 0
                },
                "204 No Content": {
                    "fails": 2400,
                    "name": "204 No Content",
                    "path": "::204 No Content",
                    "id": "54fa3c2eda34e1622fda2da5e0479fc5",
                    "passes": 0
                },
                "400 Bad Request": {
                    "name": "400 Bad Request",
                    "path": "::400 Bad Request",
                    "id": "eeae81934b9b58bccaf0184a6d070338",
                    "passes": 0,
                    "fails": 2400
                },
                "401 Unauthorized": {
                    "fails": 2400,
                    "name": "401 Unauthorized",
                    "path": "::401 Unauthorized",
                    "id": "6ae9254e6aefe7f0bafe5102fa7e20a5",
                    "passes": 0
                },
                "403 Forbidden": {
                    "name": "403 Forbidden",
                    "path": "::403 Forbidden",
                    "id": "655548b761742c5a7ad15aa7df3a5d9c",
                    "passes": 0,
                    "fails": 2400
                },
                "404 Not Found": {
                    "id": "df1528f9925ca236bac51008f77b774a",
                    "passes": 0,
                    "fails": 2400,
                    "name": "404 Not Found",
                    "path": "::404 Not Found"
                },
                "429 Too Many Requests": {
                    "name": "429 Too Many Requests",
                    "path": "::429 Too Many Requests",
                    "id": "b810c35b9499cc7342fd415032e3a6aa",
                    "passes": 0,
                    "fails": 2400
                },
                "500 Internal Server Error": {
                    "name": "500 Internal Server Error",
                    "path": "::500 Internal Server Error",
                    "id": "3cd96245b24e869810efe46d533b0eef",
                    "passes": 0,
                    "fails": 2400
                },
                "502 Bad Gateway": {
                    "name": "502 Bad Gateway",
                    "path": "::502 Bad Gateway",
                    "id": "712cb0ec189a11f31f0d6d0c0031b569",
                    "passes": 1079,
                    "fails": 1321
                },
                "503 Service Unavailable": {
                    "path": "::503 Service Unavailable",
                    "id": "f1ea1a22be0dc738c385523a66ea1cd9",
                    "passes": 0,
                    "fails": 2400,
                    "name": "503 Service Unavailable"
                },
                "504 Gateway Timeout": {
                    "name": "504 Gateway Timeout",
                    "path": "::504 Gateway Timeout",
                    "id": "218efb729cb654723ccd57c6ebbebe29",
                    "passes": 0,
                    "fails": 2400
                }
            }
    }
}