{
    "metrics": {
        "http_req_duration{expected_response:true}": {
            "p(90)": 51526.24818,
            "p(95)": 53336.004279999994,
            "avg": 44372.212960280856,
            "min": 35855.2875,
            "med": 43366.2575,
            "max": 59780.6339
        },
        "vus_max": {
            "value": 1000,
            "min": 1000,
            "max": 1000
        },
        "http_req_waiting": {
            "med": 41024.92685,
            "max": 50325.8954,
            "p(90)": 48759.36862,
            "p(95)": 48793.2171,
            "avg": 42176.08710629996,
            "min": 35849.3198
        },
        "http_req_receiving": {
            "min": 0,
            "med": 1894.8964999999998,
            "max": 17105.2574,
            "p(90)": 5246.952220000001,
            "p(95)": 6674.864914999998,
            "avg": 2242.401323699999
        },
        "http_req_blocked": {
            "med": 182.15795,
            "max": 283.5827,
            "p(90)": 241.036,
            "p(95)": 251.85,
            "avg": 182.1786064000001,
            "min": 89.9012
        },
        "checks": {
            "passes": 997,
            "fails": 11003,
            "value": 0.08308333333333333
        },
        "data_received": {
            "count": 82697111,
            "rate": 1354378.8858653521
        },
        "http_req_sending": {
            "max": 7.0018,
            "p(90)": 1.0002,
            "p(95)": 1.001605,
            "avg": 0.26970029999999984,
            "min": 0,
            "med": 0
        },
        "http_req_duration": {
            "p(95)": 53367.497125,
            "avg": 44418.758130300026,
            "min": 35855.2875,
            "med": 43379.33245,
            "max": 59896.7307,
            "p(90)": 51629.035130000004
        },
        "vus": {
            "min": 4,
            "max": 1000,
            "value": 4
        },
        "http_req_failed": {
            "passes": 3,
            "fails": 997,
            "value": 0.003
        },
        "iteration_duration": {
            "p(90)": 52764.62113,
            "p(95)": 54601.435105,
            "avg": 45601.940802200006,
            "min": 36970.7993,
            "med": 44587.4472,
            "max": 61003.1943
        },
        "iterations": {
            "count": 1000,
            "rate": 16.3775840472269
        },
        "http_reqs": {
            "count": 1000,
            "rate": 16.3775840472269
        },
        "http_req_connecting": {
            "min": 26.8644,
            "med": 42.8501,
            "max": 86.5588,
            "p(90)": 63.7561,
            "p(95)": 72.04940499999996,
            "avg": 45.89509469999993
        },
        "http_req_tls_handshaking": {
            "min": 62.001,
            "med": 108.0001,
            "max": 174.5611,
            "p(90)": 157.562,
            "p(95)": 163.61076499999996,
            "avg": 110.81316519999993
        },
        "data_sent": {
            "count": 2309377,
            "rate": 37822.01591423272
        }
    },
    "root_group": {
        "id": "d41d8cd98f00b204e9800998ecf8427e",
        "groups": {},
        "checks": {
                "200 OK": {
                    "fails": 3,
                    "name": "200 OK",
                    "path": "::200 OK",
                    "id": "e9654c443eff553da9e69eda7007924e",
                    "passes": 997
                },
                "201 Created": {
                    "name": "201 Created",
                    "path": "::201 Created",
                    "id": "728dcd977aae263ca314731145e1d447",
                    "passes": 0,
                    "fails": 1000
                },
                "204 No Content": {
                    "name": "204 No Content",
                    "path": "::204 No Content",
                    "id": "54fa3c2eda34e1622fda2da5e0479fc5",
                    "passes": 0,
                    "fails": 1000
                },
                "400 Bad Request": {
                    "name": "400 Bad Request",
                    "path": "::400 Bad Request",
                    "id": "eeae81934b9b58bccaf0184a6d070338",
                    "passes": 0,
                    "fails": 1000
                },
                "401 Unauthorized": {
                    "name": "401 Unauthorized",
                    "path": "::401 Unauthorized",
                    "id": "6ae9254e6aefe7f0bafe5102fa7e20a5",
                    "passes": 0,
                    "fails": 1000
                },
                "403 Forbidden": {
                    "name": "403 Forbidden",
                    "path": "::403 Forbidden",
                    "id": "655548b761742c5a7ad15aa7df3a5d9c",
                    "passes": 0,
                    "fails": 1000
                },
                "404 Not Found": {
                    "id": "df1528f9925ca236bac51008f77b774a",
                    "passes": 0,
                    "fails": 1000,
                    "name": "404 Not Found",
                    "path": "::404 Not Found"
                },
                "429 Too Many Requests": {
                    "path": "::429 Too Many Requests",
                    "id": "b810c35b9499cc7342fd415032e3a6aa",
                    "passes": 0,
                    "fails": 1000,
                    "name": "429 Too Many Requests"
                },
                "500 Internal Server Error": {
                    "id": "3cd96245b24e869810efe46d533b0eef",
                    "passes": 0,
                    "fails": 1000,
                    "name": "500 Internal Server Error",
                    "path": "::500 Internal Server Error"
                },
                "502 Bad Gateway": {
                    "id": "712cb0ec189a11f31f0d6d0c0031b569",
                    "passes": 0,
                    "fails": 1000,
                    "name": "502 Bad Gateway",
                    "path": "::502 Bad Gateway"
                },
                "503 Service Unavailable": {
                    "fails": 1000,
                    "name": "503 Service Unavailable",
                    "path": "::503 Service Unavailable",
                    "id": "f1ea1a22be0dc738c385523a66ea1cd9",
                    "passes": 0
                },
                "504 Gateway Timeout": {
                    "path": "::504 Gateway Timeout",
                    "id": "218efb729cb654723ccd57c6ebbebe29",
                    "passes": 0,
                    "fails": 1000,
                    "name": "504 Gateway Timeout"
                }
            },
        "name": "",
        "path": ""
    }
}