{
    "metrics": {
        "http_req_receiving": {
            "max": 423.6867,
            "p(90)": 208.6121,
            "p(95)": 209.174155,
            "avg": 142.34204728000014,
            "min": 0,
            "med": 207.0886
        },
        "http_req_duration": {
            "med": 6835.58095,
            "max": 14521.9592,
            "p(90)": 12362.64161,
            "p(95)": 13244.032039999998,
            "avg": 6991.369481280008,
            "min": 210.6432
        },
        "http_req_blocked": {
            "avg": 615.9435614400023,
            "min": 388.7877,
            "med": 633.82495,
            "max": 835.3188,
            "p(90)": 689.9142,
            "p(95)": 703.2139299999998
        },
        "http_reqs": {
            "count": 2500,
            "rate": 151.68523294929201
        },
        "data_received": {
            "count": 42873597,
            "rate": 2601316.619327627
        },
        "data_sent": {
            "count": 7137224,
            "rate": 433044.59402051114
        },
        "iterations": {
            "count": 2500,
            "rate": 151.68523294929201
        },
        "vus_max": {
            "value": 2500,
            "min": 2500,
            "max": 2500
        },
        "http_req_duration{expected_response:true}": {
            "avg": 6991.369481280008,
            "min": 210.6432,
            "med": 6835.58095,
            "max": 14521.9592,
            "p(90)": 12362.64161,
            "p(95)": 13244.032039999998
        },
        "iteration_duration": {
            "p(90)": 14030.73834,
            "p(95)": 14918.653934999997,
            "avg": 8609.230652280005,
            "min": 1663.4226,
            "med": 8505.6074,
            "max": 16186.8337
        },
        "http_req_sending": {
            "avg": 0.38765952000000026,
            "min": 0,
            "med": 0,
            "max": 27.2317,
            "p(90)": 1.0007,
            "p(95)": 1.0024
        },
        "checks": {
            "passes": 2500,
            "fails": 27500,
            "value": 0.08333333333333333
        },
        "vus": {
            "value": 7,
            "min": 7,
            "max": 2500
        },
        "http_req_waiting": {
            "p(90)": 12154.95127,
            "p(95)": 13036.640274999998,
            "avg": 6848.639774479994,
            "min": 207.6421,
            "med": 6711.46255,
            "max": 14309.9501
        },
        "http_req_failed": {
            "passes": 0,
            "fails": 2500,
            "value": 0
        },
        "http_req_connecting": {
            "p(95)": 337.5660149999999,
            "avg": 286.65376116000033,
            "min": 114.3488,
            "med": 285.1181,
            "max": 493.5247,
            "p(90)": 334.5402
        },
        "http_req_tls_handshaking": {
            "med": 343.21590000000003,
            "max": 504.3925,
            "p(90)": 419.79096,
            "p(95)": 428.7924,
            "avg": 327.9994693999997,
            "min": 182.1433
        }
    },
    "root_group": {
        "path": "",
        "id": "d41d8cd98f00b204e9800998ecf8427e",
        "groups": {},
        "checks": {
                "200 OK": {
                    "path": "::200 OK",
                    "id": "e9654c443eff553da9e69eda7007924e",
                    "passes": 2500,
                    "fails": 0,
                    "name": "200 OK"
                },
                "201 Created": {
                    "name": "201 Created",
                    "path": "::201 Created",
                    "id": "728dcd977aae263ca314731145e1d447",
                    "passes": 0,
                    "fails": 2500
                },
                "204 No Content": {
                    "name": "204 No Content",
                    "path": "::204 No Content",
                    "id": "54fa3c2eda34e1622fda2da5e0479fc5",
                    "passes": 0,
                    "fails": 2500
                },
                "400 Bad Request": {
                    "name": "400 Bad Request",
                    "path": "::400 Bad Request",
                    "id": "eeae81934b9b58bccaf0184a6d070338",
                    "passes": 0,
                    "fails": 2500
                },
                "401 Unauthorized": {
                    "fails": 2500,
                    "name": "401 Unauthorized",
                    "path": "::401 Unauthorized",
                    "id": "6ae9254e6aefe7f0bafe5102fa7e20a5",
                    "passes": 0
                },
                "403 Forbidden": {
                    "name": "403 Forbidden",
                    "path": "::403 Forbidden",
                    "id": "655548b761742c5a7ad15aa7df3a5d9c",
                    "passes": 0,
                    "fails": 2500
                },
                "404 Not Found": {
                    "name": "404 Not Found",
                    "path": "::404 Not Found",
                    "id": "df1528f9925ca236bac51008f77b774a",
                    "passes": 0,
                    "fails": 2500
                },
                "429 Too Many Requests": {
                    "id": "b810c35b9499cc7342fd415032e3a6aa",
                    "passes": 0,
                    "fails": 2500,
                    "name": "429 Too Many Requests",
                    "path": "::429 Too Many Requests"
                },
                "500 Internal Server Error": {
                    "path": "::500 Internal Server Error",
                    "id": "3cd96245b24e869810efe46d533b0eef",
                    "passes": 0,
                    "fails": 2500,
                    "name": "500 Internal Server Error"
                },
                "502 Bad Gateway": {
                    "name": "502 Bad Gateway",
                    "path": "::502 Bad Gateway",
                    "id": "712cb0ec189a11f31f0d6d0c0031b569",
                    "passes": 0,
                    "fails": 2500
                },
                "503 Service Unavailable": {
                    "passes": 0,
                    "fails": 2500,
                    "name": "503 Service Unavailable",
                    "path": "::503 Service Unavailable",
                    "id": "f1ea1a22be0dc738c385523a66ea1cd9"
                },
                "504 Gateway Timeout": {
                    "name": "504 Gateway Timeout",
                    "path": "::504 Gateway Timeout",
                    "id": "218efb729cb654723ccd57c6ebbebe29",
                    "passes": 0,
                    "fails": 2500
                }
            },
        "name": ""
    }
}