{
    "metrics": {
        "vus_max": {
            "value": 2000,
            "min": 2000,
            "max": 2000
        },
        "http_reqs": {
            "count": 2000,
            "rate": 227.0103548957303
        },
        "http_req_duration": {
            "p(95)": 6251.482304999999,
            "avg": 2695.6730198999976,
            "min": 282.0025,
            "med": 2435.4608,
            "max": 7145.1079,
            "p(90)": 5356.021710000002
        },
        "http_req_waiting": {
            "avg": 2694.9659736499975,
            "min": 275.0042,
            "med": 2435.18595,
            "max": 7144.1138,
            "p(90)": 5355.808500000002,
            "p(95)": 6250.549629999999
        },
        "http_req_tls_handshaking": {
            "avg": 315.7065008000001,
            "min": 94.0003,
            "med": 320.0018,
            "max": 500.1042,
            "p(90)": 475.4648600000001,
            "p(95)": 485.39838499999996
        },
        "data_received": {
            "count": 10489897,
            "rate": 1190657.6203948283
        },
        "data_sent": {
            "count": 3050000,
            "rate": 346190.7912159887
        },
        "vus": {
            "value": 64,
            "min": 64,
            "max": 2000
        },
        "http_req_failed": {
            "passes": 0,
            "fails": 2000,
            "value": 0
        },
        "checks": {
            "passes": 2000,
            "fails": 22000,
            "value": 0.08333333333333333
        },
        "iterations": {
            "count": 2000,
            "rate": 227.0103548957303
        },
        "http_req_blocked": {
            "avg": 434.20060045000065,
            "min": 147.5307,
            "med": 442.533,
            "max": 648.118,
            "p(90)": 607.89433,
            "p(95)": 624.3734499999999
        },
        "iteration_duration": {
            "p(95)": 7861.58779,
            "avg": 4136.355347999997,
            "min": 1504.9531,
            "med": 3884.20325,
            "max": 8770.1253,
            "p(90)": 6904.389440000001
        },
        "http_req_duration{expected_response:true}": {
            "p(90)": 5356.021710000002,
            "p(95)": 6251.482304999999,
            "avg": 2695.6730198999976,
            "min": 282.0025,
            "med": 2435.4608,
            "max": 7145.1079
        },
        "http_req_sending": {
            "avg": 0.39756670000000066,
            "min": 0,
            "med": 0,
            "max": 44.9996,
            "p(90)": 1.0004,
            "p(95)": 1.0024
        },
        "http_req_receiving": {
            "p(90)": 0.7946800000000004,
            "p(95)": 0.9985,
            "avg": 0.30947955,
            "min": 0,
            "med": 0,
            "max": 38.9994
        },
        "http_req_connecting": {
            "med": 78.8172,
            "max": 104.0039,
            "p(90)": 95.002,
            "p(95)": 98.0001,
            "avg": 73.96185360000001,
            "min": 45.5295
        }
    },
    "root_group": {
        "checks": {
            "200 OK": {
                "name": "200 OK",
                "path": "::200 OK",
                "id": "e9654c443eff553da9e69eda7007924e",
                "passes": 2000,
                "fails": 0
            },
            "201 Created": {
                "passes": 0,
                "fails": 2000,
                "name": "201 Created",
                "path": "::201 Created",
                "id": "728dcd977aae263ca314731145e1d447"
            },
            "204 No Content": {
                "fails": 2000,
                "name": "204 No Content",
                "path": "::204 No Content",
                "id": "54fa3c2eda34e1622fda2da5e0479fc5",
                "passes": 0
            },
            "400 Bad Request": {
                "id": "eeae81934b9b58bccaf0184a6d070338",
                "passes": 0,
                "fails": 2000,
                "name": "400 Bad Request",
                "path": "::400 Bad Request"
            },
            "401 Unauthorized": {
                "name": "401 Unauthorized",
                "path": "::401 Unauthorized",
                "id": "6ae9254e6aefe7f0bafe5102fa7e20a5",
                "passes": 0,
                "fails": 2000
            },
            "403 Forbidden": {
                "fails": 2000,
                "name": "403 Forbidden",
                "path": "::403 Forbidden",
                "id": "655548b761742c5a7ad15aa7df3a5d9c",
                "passes": 0
            },
            "404 Not Found": {
                "path": "::404 Not Found",
                "id": "df1528f9925ca236bac51008f77b774a",
                "passes": 0,
                "fails": 2000,
                "name": "404 Not Found"
            },
            "429 Too Many Requests": {
                "fails": 2000,
                "name": "429 Too Many Requests",
                "path": "::429 Too Many Requests",
                "id": "b810c35b9499cc7342fd415032e3a6aa",
                "passes": 0
            },
            "500 Internal Server Error": {
                "passes": 0,
                "fails": 2000,
                "name": "500 Internal Server Error",
                "path": "::500 Internal Server Error",
                "id": "3cd96245b24e869810efe46d533b0eef"
            },
            "502 Bad Gateway": {
                "name": "502 Bad Gateway",
                "path": "::502 Bad Gateway",
                "id": "712cb0ec189a11f31f0d6d0c0031b569",
                "passes": 0,
                "fails": 2000
            },
            "503 Service Unavailable": {
                "passes": 0,
                "fails": 2000,
                "name": "503 Service Unavailable",
                "path": "::503 Service Unavailable",
                "id": "f1ea1a22be0dc738c385523a66ea1cd9"
            },
            "504 Gateway Timeout": {
                "fails": 2000,
                "name": "504 Gateway Timeout",
                "path": "::504 Gateway Timeout",
                "id": "218efb729cb654723ccd57c6ebbebe29",
                "passes": 0
            }
        },
        "name": "",
        "path": "",
        "id": "d41d8cd98f00b204e9800998ecf8427e",
        "groups": {}
    }
}