{
    "metrics": {
        "http_req_receiving": {
            "avg": 131.9838077037039,
            "min": 0,
            "med": 206.99445,
            "max": 833.1878,
            "p(90)": 208.62976,
            "p(95)": 209.35168
        },
        "iteration_duration": {
            "max": 16719.3919,
            "p(90)": 14300.78603,
            "p(95)": 15130.570839999998,
            "avg": 8883.921598518502,
            "min": 1704.1465,
            "med": 8924.13665
        },
        "vus": {
            "min": 2,
            "max": 2700,
            "value": 2
        },
        "http_reqs": {
            "count": 2700,
            "rate": 157.69540615993768
        },
        "http_req_sending": {
            "p(90)": 1.0004,
            "p(95)": 1.0017,
            "avg": 0.3267779259259261,
            "min": 0,
            "med": 0,
            "max": 64.0033
        },
        "iterations": {
            "count": 2700,
            "rate": 157.69540615993768
        },
        "http_req_failed": {
            "passes": 43,
            "fails": 2657,
            "value": 0.015925925925925927
        },
        "data_sent": {
            "count": 7711176,
            "rate": 450376.67825583834
        },
        "http_req_tls_handshaking": {
            "p(95)": 562.1258299999997,
            "avg": 369.68681285185176,
            "min": 16.9994,
            "med": 392.61985000000004,
            "max": 600.0797,
            "p(90)": 526.06539
        },
        "checks": {
            "passes": 2700,
            "fails": 29700,
            "value": 0.08333333333333333
        },
        "data_received": {
            "count": 45746775,
            "rate": 2671872.690419364
        },
        "http_req_duration{expected_response:true}": {
            "avg": 7298.091345238988,
            "min": 197.0003,
            "med": 7326.9374,
            "max": 14987.4577,
            "p(90)": 12560.48184,
            "p(95)": 13379.365419999996
        },
        "http_req_duration": {
            "avg": 7186.83590944444,
            "min": 197.0003,
            "med": 7191.14575,
            "max": 14987.4577,
            "p(90)": 12551.38323,
            "p(95)": 13373.87111
        },
        "http_req_waiting": {
            "avg": 7054.52532381482,
            "min": 181.0005,
            "med": 7075.3106,
            "max": 14748.9385,
            "p(90)": 12373.98944,
            "p(95)": 13193.625219999996
        },
        "http_req_connecting": {
            "p(95)": 475.13471,
            "avg": 324.83758911111124,
            "min": 29.0033,
            "med": 327.3737,
            "max": 512.0329,
            "p(90)": 461.6872599999999
        },
        "http_req_blocked": {
            "avg": 695.627445592592,
            "min": 198.9975,
            "med": 729.16725,
            "max": 881.726,
            "p(90)": 765.7639800000001,
            "p(95)": 772.069005
        },
        "vus_max": {
            "max": 2700,
            "value": 2700,
            "min": 2700
        }
    },
    "root_group": {
        "name": "",
        "path": "",
        "id": "d41d8cd98f00b204e9800998ecf8427e",
        "groups": {},
        "checks": {
                "200 OK": {
                    "id": "e9654c443eff553da9e69eda7007924e",
                    "passes": 2657,
                    "fails": 43,
                    "name": "200 OK",
                    "path": "::200 OK"
                },
                "201 Created": {
                    "passes": 0,
                    "fails": 2700,
                    "name": "201 Created",
                    "path": "::201 Created",
                    "id": "728dcd977aae263ca314731145e1d447"
                },
                "204 No Content": {
                    "id": "54fa3c2eda34e1622fda2da5e0479fc5",
                    "passes": 0,
                    "fails": 2700,
                    "name": "204 No Content",
                    "path": "::204 No Content"
                },
                "400 Bad Request": {
                    "id": "eeae81934b9b58bccaf0184a6d070338",
                    "passes": 0,
                    "fails": 2700,
                    "name": "400 Bad Request",
                    "path": "::400 Bad Request"
                },
                "401 Unauthorized": {
                    "passes": 0,
                    "fails": 2700,
                    "name": "401 Unauthorized",
                    "path": "::401 Unauthorized",
                    "id": "6ae9254e6aefe7f0bafe5102fa7e20a5"
                },
                "403 Forbidden": {
                    "name": "403 Forbidden",
                    "path": "::403 Forbidden",
                    "id": "655548b761742c5a7ad15aa7df3a5d9c",
                    "passes": 0,
                    "fails": 2700
                },
                "404 Not Found": {
                    "passes": 0,
                    "fails": 2700,
                    "name": "404 Not Found",
                    "path": "::404 Not Found",
                    "id": "df1528f9925ca236bac51008f77b774a"
                },
                "429 Too Many Requests": {
                    "name": "429 Too Many Requests",
                    "path": "::429 Too Many Requests",
                    "id": "b810c35b9499cc7342fd415032e3a6aa",
                    "passes": 0,
                    "fails": 2700
                },
                "500 Internal Server Error": {
                    "name": "500 Internal Server Error",
                    "path": "::500 Internal Server Error",
                    "id": "3cd96245b24e869810efe46d533b0eef",
                    "passes": 0,
                    "fails": 2700
                },
                "502 Bad Gateway": {
                    "id": "712cb0ec189a11f31f0d6d0c0031b569",
                    "passes": 43,
                    "fails": 2657,
                    "name": "502 Bad Gateway",
                    "path": "::502 Bad Gateway"
                },
                "503 Service Unavailable": {
                    "fails": 2700,
                    "name": "503 Service Unavailable",
                    "path": "::503 Service Unavailable",
                    "id": "f1ea1a22be0dc738c385523a66ea1cd9",
                    "passes": 0
                },
                "504 Gateway Timeout": {
                    "path": "::504 Gateway Timeout",
                    "id": "218efb729cb654723ccd57c6ebbebe29",
                    "passes": 0,
                    "fails": 2700,
                    "name": "504 Gateway Timeout"
                }
            }
    }
}