{
    "metrics": {
        "vus": {
            "value": 25,
            "min": 25,
            "max": 2700
        },
        "http_req_receiving": {
            "min": 0,
            "med": 207.003,
            "max": 830.2069,
            "p(90)": 210.09011,
            "p(95)": 212.53209999999993,
            "avg": 131.45462996296322
        },
        "http_req_duration{expected_response:true}": {
            "p(95)": 48927.731260000015,
            "avg": 24279.343039654555,
            "min": 658.8605,
            "med": 23277.7694,
            "max": 58404.8695,
            "p(90)": 44498.16502000001
        },
        "http_req_connecting": {
            "p(90)": 138.4515,
            "p(95)": 141.4576,
            "avg": 112.10865285185194,
            "min": 78.6311,
            "med": 108.7281,
            "max": 156.4587
        },
        "iteration_duration": {
            "avg": 25486.496894555523,
            "min": 1924.4564,
            "med": 24469.8688,
            "max": 60124.0845,
            "p(90)": 45912.79840999999,
            "p(95)": 50465.783774999974
        },
        "http_req_waiting": {
            "avg": 23819.4268956667,
            "min": 211.6801,
            "med": 22835.1709,
            "max": 57877.0814,
            "p(90)": 44114.92843999999,
            "p(95)": 48646.98570999999
        },
        "data_received": {
            "count": 41045881,
            "rate": 682198.8217637957
        },
        "iterations": {
            "count": 2700,
            "rate": 44.87507086916342
        },
        "http_req_failed": {
            "passes": 37,
            "fails": 2663,
            "value": 0.013703703703703704
        },
        "http_req_tls_handshaking": {
            "med": 325.52905,
            "max": 644.8591,
            "p(90)": 608.51397,
            "p(95)": 624.51238,
            "avg": 370.02877359259315,
            "min": 5.0033
        },
        "checks": {
            "passes": 2700,
            "fails": 29700,
            "value": 0.08333333333333333
        },
        "http_req_sending": {
            "avg": 0.362552703703704,
            "min": 0,
            "med": 0,
            "max": 23.9998,
            "p(90)": 1.0008,
            "p(95)": 1.0025
        },
        "vus_max": {
            "value": 2700,
            "min": 2700,
            "max": 2700
        },
        "http_req_duration": {
            "avg": 23951.244078333362,
            "min": 211.8981,
            "med": 22988.77085,
            "max": 58404.8695,
            "p(90)": 44166.70111999999,
            "p(95)": 48825.346385
        },
        "http_reqs": {
            "count": 2700,
            "rate": 44.87507086916342
        },
        "http_req_blocked": {
            "avg": 534.4698914074077,
            "min": 90.6304,
            "med": 503.76675,
            "max": 850.6528,
            "p(90)": 770.9749,
            "p(95)": 788.4833249999999
        },
        "data_sent": {
            "count": 4547724,
            "rate": 75584.97659014643
        }
    },
    "root_group": {
        "checks": {
            "200 OK": {
                "id": "e9654c443eff553da9e69eda7007924e",
                "passes": 2663,
                "fails": 37,
                "name": "200 OK",
                "path": "::200 OK"
            },
            "201 Created": {
                "id": "728dcd977aae263ca314731145e1d447",
                "passes": 0,
                "fails": 2700,
                "name": "201 Created",
                "path": "::201 Created"
            },
            "204 No Content": {
                "id": "54fa3c2eda34e1622fda2da5e0479fc5",
                "passes": 0,
                "fails": 2700,
                "name": "204 No Content",
                "path": "::204 No Content"
            },
            "400 Bad Request": {
                "name": "400 Bad Request",
                "path": "::400 Bad Request",
                "id": "eeae81934b9b58bccaf0184a6d070338",
                "passes": 0,
                "fails": 2700
            },
            "401 Unauthorized": {
                "name": "401 Unauthorized",
                "path": "::401 Unauthorized",
                "id": "6ae9254e6aefe7f0bafe5102fa7e20a5",
                "passes": 0,
                "fails": 2700
            },
            "403 Forbidden": {
                "name": "403 Forbidden",
                "path": "::403 Forbidden",
                "id": "655548b761742c5a7ad15aa7df3a5d9c",
                "passes": 0,
                "fails": 2700
            },
            "404 Not Found": {
                "name": "404 Not Found",
                "path": "::404 Not Found",
                "id": "df1528f9925ca236bac51008f77b774a",
                "passes": 0,
                "fails": 2700
            },
            "429 Too Many Requests": {
                "fails": 2700,
                "name": "429 Too Many Requests",
                "path": "::429 Too Many Requests",
                "id": "b810c35b9499cc7342fd415032e3a6aa",
                "passes": 0
            },
            "500 Internal Server Error": {
                "name": "500 Internal Server Error",
                "path": "::500 Internal Server Error",
                "id": "3cd96245b24e869810efe46d533b0eef",
                "passes": 0,
                "fails": 2700
            },
            "502 Bad Gateway": {
                "passes": 37,
                "fails": 2663,
                "name": "502 Bad Gateway",
                "path": "::502 Bad Gateway",
                "id": "712cb0ec189a11f31f0d6d0c0031b569"
            },
            "503 Service Unavailable": {
                "path": "::503 Service Unavailable",
                "id": "f1ea1a22be0dc738c385523a66ea1cd9",
                "passes": 0,
                "fails": 2700,
                "name": "503 Service Unavailable"
            },
            "504 Gateway Timeout": {
                "passes": 0,
                "fails": 2700,
                "name": "504 Gateway Timeout",
                "path": "::504 Gateway Timeout",
                "id": "218efb729cb654723ccd57c6ebbebe29"
            }
        },
        "name": "",
        "path": "",
        "id": "d41d8cd98f00b204e9800998ecf8427e",
        "groups": {}
    }
}