{
    "metrics": {
        "data_received": {
            "count": 25507995,
            "rate": 538676.572641041
        },
        "data_sent": {
            "count": 4603200,
            "rate": 97210.14917798282
        },
        "http_reqs": {
            "count": 2800,
            "rate": 59.13026105716717
        },
        "checks": {
            "passes": 2800,
            "fails": 30800,
            "value": 0.08333333333333333
        },
        "http_req_waiting": {
            "max": 45313.5842,
            "p(90)": 40762.919559999995,
            "p(95)": 42593.059949999995,
            "avg": 23843.532888892874,
            "min": 992.8944,
            "med": 24122.8616
        },
        "iteration_duration": {
            "p(95)": 44496.94873,
            "avg": 25589.833684964287,
            "min": 2504.1151,
            "med": 25956.853499999997,
            "max": 47216.7693,
            "p(90)": 42639.01641
        },
        "vus": {
            "value": 5,
            "min": 5,
            "max": 2800
        },
        "http_req_duration{expected_response:true}": {
            "avg": 23844.310270607097,
            "min": 993.9304,
            "med": 24123.9391,
            "max": 45315.1197,
            "p(90)": 40763.02415,
            "p(95)": 42593.565389999996
        },
        "http_req_tls_handshaking": {
            "p(90)": 609.30483,
            "p(95)": 624.5665250000001,
            "avg": 488.341559964287,
            "min": 313.7988,
            "med": 460.3299,
            "max": 839.7671
        },
        "http_req_blocked": {
            "min": 453.5536,
            "med": 760.1812,
            "max": 1099.6786,
            "p(90)": 904.28954,
            "p(95)": 926.6954,
            "avg": 744.6018442857145
        },
        "http_req_sending": {
            "avg": 0.340483178571429,
            "min": 0,
            "med": 0,
            "max": 24.3977,
            "p(90)": 1.0005,
            "p(95)": 1.002205
        },
        "http_req_connecting": {
            "avg": 228.32849207142797,
            "min": 126.0466,
            "med": 237.32600000000002,
            "max": 543.1424,
            "p(90)": 302.1318,
            "p(95)": 310.79814
        },
        "iterations": {
            "rate": 59.13026105716717,
            "count": 2800
        },
        "http_req_failed": {
            "fails": 2800,
            "passes": 0,
            "value": 0
        },
        "http_req_receiving": {
            "avg": 0.43689853571428566,
            "min": 0,
            "med": 0.40590000000000004,
            "max": 3.6023,
            "p(90)": 0.99302,
            "p(95)": 1.0467
        },
        "vus_max": {
            "max": 2800,
            "value": 2800,
            "min": 2800
        },
        "http_req_duration": {
            "min": 993.9304,
            "med": 24123.9391,
            "max": 45315.1197,
            "p(90)": 40763.02415,
            "p(95)": 42593.565389999996,
            "avg": 23844.310270607097
        }
    },
    "root_group": {
        "name": "",
        "path": "",
        "id": "d41d8cd98f00b204e9800998ecf8427e",
        "groups": {},
        "checks": {
                "200 OK": {
                    "id": "e9654c443eff553da9e69eda7007924e",
                    "passes": 2800,
                    "fails": 0,
                    "name": "200 OK",
                    "path": "::200 OK"
                },
                "201 Created": {
                    "name": "201 Created",
                    "path": "::201 Created",
                    "id": "728dcd977aae263ca314731145e1d447",
                    "passes": 0,
                    "fails": 2800
                },
                "204 No Content": {
                    "name": "204 No Content",
                    "path": "::204 No Content",
                    "id": "54fa3c2eda34e1622fda2da5e0479fc5",
                    "passes": 0,
                    "fails": 2800
                },
                "400 Bad Request": {
                    "name": "400 Bad Request",
                    "path": "::400 Bad Request",
                    "id": "eeae81934b9b58bccaf0184a6d070338",
                    "passes": 0,
                    "fails": 2800
                },
                "401 Unauthorized": {
                    "name": "401 Unauthorized",
                    "path": "::401 Unauthorized",
                    "id": "6ae9254e6aefe7f0bafe5102fa7e20a5",
                    "passes": 0,
                    "fails": 2800
                },
                "403 Forbidden": {
                    "fails": 2800,
                    "name": "403 Forbidden",
                    "path": "::403 Forbidden",
                    "id": "655548b761742c5a7ad15aa7df3a5d9c",
                    "passes": 0
                },
                "404 Not Found": {
                    "id": "df1528f9925ca236bac51008f77b774a",
                    "passes": 0,
                    "fails": 2800,
                    "name": "404 Not Found",
                    "path": "::404 Not Found"
                },
                "429 Too Many Requests": {
                    "name": "429 Too Many Requests",
                    "path": "::429 Too Many Requests",
                    "id": "b810c35b9499cc7342fd415032e3a6aa",
                    "passes": 0,
                    "fails": 2800
                },
                "500 Internal Server Error": {
                    "fails": 2800,
                    "name": "500 Internal Server Error",
                    "path": "::500 Internal Server Error",
                    "id": "3cd96245b24e869810efe46d533b0eef",
                    "passes": 0
                },
                "502 Bad Gateway": {
                    "passes": 0,
                    "fails": 2800,
                    "name": "502 Bad Gateway",
                    "path": "::502 Bad Gateway",
                    "id": "712cb0ec189a11f31f0d6d0c0031b569"
                },
                "503 Service Unavailable": {
                    "id": "f1ea1a22be0dc738c385523a66ea1cd9",
                    "passes": 0,
                    "fails": 2800,
                    "name": "503 Service Unavailable",
                    "path": "::503 Service Unavailable"
                },
                "504 Gateway Timeout": {
                    "passes": 0,
                    "fails": 2800,
                    "name": "504 Gateway Timeout",
                    "path": "::504 Gateway Timeout",
                    "id": "218efb729cb654723ccd57c6ebbebe29"
                }
            }
    }
}