{
    "metrics": {
        "data_received": {
            "count": 25485249,
            "rate": 735697.3900575296
        },
        "http_req_waiting": {
            "med": 15034.4411,
            "max": 32872.8204,
            "p(90)": 26821.49902,
            "p(95)": 28767.620769999998,
            "avg": 15138.263704821444,
            "min": 340.2992
        },
        "iterations": {
            "count": 2800,
            "rate": 80.82921584015455
        },
        "http_req_connecting": {
            "avg": 251.35288439285824,
            "min": 149.3612,
            "med": 259.0675,
            "max": 304.1003,
            "p(90)": 287.55664,
            "p(95)": 291.34868
        },
        "vus": {
            "value": 17,
            "min": 17,
            "max": 2800
        },
        "http_req_blocked": {
            "max": 911.3431,
            "p(90)": 767.91531,
            "p(95)": 835.89555,
            "avg": 599.26833932143,
            "min": 330.4968,
            "med": 611.8032
        },
        "http_req_failed": {
            "passes": 0,
            "fails": 2800,
            "value": 0
        },
        "checks": {
            "passes": 2800,
            "fails": 30800,
            "value": 0.08333333333333333
        },
        "iteration_duration": {
            "avg": 16739.233556857158,
            "min": 1799.3626,
            "med": 16643.3274,
            "max": 34493.6528,
            "p(90)": 28485.336759999995,
            "p(95)": 30462.826309999997
        },
        "http_reqs": {
            "count": 2800,
            "rate": 80.82921584015455
        },
        "http_req_receiving": {
            "avg": 0.39488282142857145,
            "min": 0,
            "med": 0.31079999999999997,
            "max": 8.0004,
            "p(90)": 0.97253,
            "p(95)": 1.031425
        },
        "vus_max": {
            "value": 2800,
            "min": 2800,
            "max": 2800
        },
        "http_req_duration": {
            "avg": 15139.009034642868,
            "min": 345.2182,
            "med": 15035.05835,
            "max": 32873.0574,
            "p(90)": 26822.39074,
            "p(95)": 28767.650879999997
        },
        "http_req_sending": {
            "avg": 0.35044699999999995,
            "min": 0,
            "med": 0,
            "max": 24.2108,
            "p(90)": 1.0008,
            "p(95)": 1.002905
        },
        "data_sent": {
            "count": 4603200,
            "rate": 132883.23084121407
        },
        "http_req_duration{expected_response:true}": {
            "min": 345.2182,
            "med": 15035.05835,
            "max": 32873.0574,
            "p(90)": 26822.39074,
            "p(95)": 28767.650879999997,
            "avg": 15139.009034642868
        },
        "http_req_tls_handshaking": {
            "avg": 346.93927500000035,
            "min": 140.7385,
            "med": 345.29499999999996,
            "max": 698.7116,
            "p(90)": 531.4153799999998,
            "p(95)": 619.4338099999998
        }
    },
    "root_group": {
        "checks": {
            "200 OK": {
                "name": "200 OK",
                "path": "::200 OK",
                "id": "e9654c443eff553da9e69eda7007924e",
                "passes": 2800,
                "fails": 0
            },
            "201 Created": {
                "name": "201 Created",
                "path": "::201 Created",
                "id": "728dcd977aae263ca314731145e1d447",
                "passes": 0,
                "fails": 2800
            },
            "204 No Content": {
                "id": "54fa3c2eda34e1622fda2da5e0479fc5",
                "passes": 0,
                "fails": 2800,
                "name": "204 No Content",
                "path": "::204 No Content"
            },
            "400 Bad Request": {
                "fails": 2800,
                "name": "400 Bad Request",
                "path": "::400 Bad Request",
                "id": "eeae81934b9b58bccaf0184a6d070338",
                "passes": 0
            },
            "401 Unauthorized": {
                "fails": 2800,
                "name": "401 Unauthorized",
                "path": "::401 Unauthorized",
                "id": "6ae9254e6aefe7f0bafe5102fa7e20a5",
                "passes": 0
            },
            "403 Forbidden": {
                "path": "::403 Forbidden",
                "id": "655548b761742c5a7ad15aa7df3a5d9c",
                "passes": 0,
                "fails": 2800,
                "name": "403 Forbidden"
            },
            "404 Not Found": {
                "passes": 0,
                "fails": 2800,
                "name": "404 Not Found",
                "path": "::404 Not Found",
                "id": "df1528f9925ca236bac51008f77b774a"
            },
            "429 Too Many Requests": {
                "id": "b810c35b9499cc7342fd415032e3a6aa",
                "passes": 0,
                "fails": 2800,
                "name": "429 Too Many Requests",
                "path": "::429 Too Many Requests"
            },
            "500 Internal Server Error": {
                "name": "500 Internal Server Error",
                "path": "::500 Internal Server Error",
                "id": "3cd96245b24e869810efe46d533b0eef",
                "passes": 0,
                "fails": 2800
            },
            "502 Bad Gateway": {
                "path": "::502 Bad Gateway",
                "id": "712cb0ec189a11f31f0d6d0c0031b569",
                "passes": 0,
                "fails": 2800,
                "name": "502 Bad Gateway"
            },
            "503 Service Unavailable": {
                "passes": 0,
                "fails": 2800,
                "name": "503 Service Unavailable",
                "path": "::503 Service Unavailable",
                "id": "f1ea1a22be0dc738c385523a66ea1cd9"
            },
            "504 Gateway Timeout": {
                "name": "504 Gateway Timeout",
                "path": "::504 Gateway Timeout",
                "id": "218efb729cb654723ccd57c6ebbebe29",
                "passes": 0,
                "fails": 2800
            }
        },
        "name": "",
        "path": "",
        "id": "d41d8cd98f00b204e9800998ecf8427e",
        "groups": {}
    }
}