{
    "metrics": {
        "vus": {
            "value": 2,
            "min": 2,
            "max": 1800
        },
        "data_received": {
            "count": 43432653,
            "rate": 1297630.8387311238
        },
        "http_req_duration": {
            "min": 525.3797,
            "med": 11881.61115,
            "max": 31947.5797,
            "p(90)": 20974.971090000003,
            "p(95)": 22491.185369999996,
            "avg": 12172.215068944444
        },
        "http_req_blocked": {
            "avg": 428.8426346666666,
            "min": 163.5071,
            "med": 420.2866,
            "max": 663.3751,
            "p(90)": 582.60425,
            "p(95)": 591.68998
        },
        "data_sent": {
            "count": 3309528,
            "rate": 98878.27009886177
        },
        "iteration_duration": {
            "avg": 13602.243085499964,
            "min": 1818.8184,
            "med": 13323.131399999998,
            "max": 33396.6373,
            "p(90)": 22513.66701,
            "p(95)": 24025.155704999997
        },
        "http_req_duration{expected_response:true}": {
            "med": 11889.4288,
            "max": 31947.5797,
            "p(90)": 20975.29518,
            "p(95)": 22492.979839999996,
            "avg": 12175.855981489716,
            "min": 525.3797
        },
        "http_reqs": {
            "count": 1800,
            "rate": 53.77832916897853
        },
        "http_req_sending": {
            "avg": 0.39488055555555535,
            "min": 0,
            "med": 0,
            "max": 17.9997,
            "p(90)": 1.001,
            "p(95)": 1.0028
        },
        "checks": {
            "passes": 1800,
            "fails": 19800,
            "value": 0.08333333333333333
        },
        "http_req_failed": {
            "passes": 1,
            "fails": 1799,
            "value": 0.0005555555555555556
        },
        "vus_max": {
            "value": 1800,
            "min": 1800,
            "max": 1800
        },
        "http_req_tls_handshaking": {
            "avg": 246.56980800000017,
            "min": 108.9982,
            "med": 224.36915,
            "max": 399.3724,
            "p(90)": 380.3716,
            "p(95)": 385.366335
        },
        "iterations": {
            "count": 1800,
            "rate": 53.77832916897853
        },
        "http_req_waiting": {
            "avg": 11879.134085833322,
            "min": 522.3976,
            "med": 11752.182799999999,
            "max": 31382.4651,
            "p(90)": 20740.801150000003,
            "p(95)": 22042.842164999995
        },
        "http_req_connecting": {
            "min": 51.5088,
            "med": 94.50815,
            "max": 154.0001,
            "p(90)": 108.9992,
            "p(95)": 111.0042,
            "avg": 89.56226316666665
        },
        "http_req_receiving": {
            "avg": 292.68610255555546,
            "min": 0,
            "med": 211.29770000000002,
            "max": 1039.355,
            "p(90)": 624.23702,
            "p(95)": 641.675985
        }
    },
    "root_group": {
        "name": "",
        "path": "",
        "id": "d41d8cd98f00b204e9800998ecf8427e",
        "groups": {},
        "checks": {
                "200 OK": {
                    "path": "::200 OK",
                    "id": "e9654c443eff553da9e69eda7007924e",
                    "passes": 1799,
                    "fails": 1,
                    "name": "200 OK"
                },
                "201 Created": {
                    "fails": 1800,
                    "name": "201 Created",
                    "path": "::201 Created",
                    "id": "728dcd977aae263ca314731145e1d447",
                    "passes": 0
                },
                "204 No Content": {
                    "name": "204 No Content",
                    "path": "::204 No Content",
                    "id": "54fa3c2eda34e1622fda2da5e0479fc5",
                    "passes": 0,
                    "fails": 1800
                },
                "400 Bad Request": {
                    "name": "400 Bad Request",
                    "path": "::400 Bad Request",
                    "id": "eeae81934b9b58bccaf0184a6d070338",
                    "passes": 0,
                    "fails": 1800
                },
                "401 Unauthorized": {
                    "name": "401 Unauthorized",
                    "path": "::401 Unauthorized",
                    "id": "6ae9254e6aefe7f0bafe5102fa7e20a5",
                    "passes": 0,
                    "fails": 1800
                },
                "403 Forbidden": {
                    "name": "403 Forbidden",
                    "path": "::403 Forbidden",
                    "id": "655548b761742c5a7ad15aa7df3a5d9c",
                    "passes": 0,
                    "fails": 1800
                },
                "404 Not Found": {
                    "name": "404 Not Found",
                    "path": "::404 Not Found",
                    "id": "df1528f9925ca236bac51008f77b774a",
                    "passes": 0,
                    "fails": 1800
                },
                "429 Too Many Requests": {
                    "name": "429 Too Many Requests",
                    "path": "::429 Too Many Requests",
                    "id": "b810c35b9499cc7342fd415032e3a6aa",
                    "passes": 0,
                    "fails": 1800
                },
                "500 Internal Server Error": {
                    "name": "500 Internal Server Error",
                    "path": "::500 Internal Server Error",
                    "id": "3cd96245b24e869810efe46d533b0eef",
                    "passes": 1,
                    "fails": 1799
                },
                "502 Bad Gateway": {
                    "name": "502 Bad Gateway",
                    "path": "::502 Bad Gateway",
                    "id": "712cb0ec189a11f31f0d6d0c0031b569",
                    "passes": 0,
                    "fails": 1800
                },
                "503 Service Unavailable": {
                    "path": "::503 Service Unavailable",
                    "id": "f1ea1a22be0dc738c385523a66ea1cd9",
                    "passes": 0,
                    "fails": 1800,
                    "name": "503 Service Unavailable"
                },
                "504 Gateway Timeout": {
                    "path": "::504 Gateway Timeout",
                    "id": "218efb729cb654723ccd57c6ebbebe29",
                    "passes": 0,
                    "fails": 1800,
                    "name": "504 Gateway Timeout"
                }
            }
    }
}