{
    "metrics": {
        "http_req_duration": {
            "avg": 492.5519,
            "min": 492.5519,
            "med": 492.5519,
            "max": 492.5519,
            "p(90)": 492.5519,
            "p(95)": 492.5519
        },
        "iteration_duration": {
            "med": 1512.4621,
            "max": 1512.4621,
            "p(90)": 1512.4621,
            "p(95)": 1512.4621,
            "avg": 1512.4621,
            "min": 1512.4621
        },
        "data_sent": {
            "count": 7049,
            "rate": 4660.589541766658
        },
        "http_reqs": {
            "count": 1,
            "rate": 0.6611703137702735
        },
        "http_req_receiving": {
            "avg": 46.8723,
            "min": 46.8723,
            "med": 46.8723,
            "max": 46.8723,
            "p(90)": 46.8723,
            "p(95)": 46.8723
        },
        "http_req_waiting": {
            "avg": 445.1308,
            "min": 445.1308,
            "med": 445.1308,
            "max": 445.1308,
            "p(90)": 445.1308,
            "p(95)": 445.1308
        },
        "vus": {
            "value": 1,
            "min": 1,
            "max": 1
        },
        "iterations": {
            "count": 1,
            "rate": 0.6611703137702735
        },
        "vus_max": {
            "value": 1,
            "min": 1,
            "max": 1
        },
        "http_req_failed": {
            "passes": 1,
            "fails": 0,
            "value": 1
        },
        "checks": {
            "passes": 1,
            "fails": 11,
            "value": 0.08333333333333333
        },
        "http_req_tls_handshaking": {
            "p(95)": 9.1175,
            "avg": 9.1175,
            "min": 9.1175,
            "med": 9.1175,
            "max": 9.1175,
            "p(90)": 9.1175
        },
        "http_req_sending": {
            "min": 0.5488,
            "med": 0.5488,
            "max": 0.5488,
            "p(90)": 0.5488,
            "p(95)": 0.5488,
            "avg": 0.5488
        },
        "data_received": {
            "count": 1126043,
            "rate": 744506.20362882
        },
        "http_req_blocked": {
            "med": 18.0573,
            "max": 18.0573,
            "p(90)": 18.0573,
            "p(95)": 18.0573,
            "avg": 18.0573,
            "min": 18.0573
        },
        "http_req_connecting": {
            "avg": 2.0072,
            "min": 2.0072,
            "med": 2.0072,
            "max": 2.0072,
            "p(90)": 2.0072,
            "p(95)": 2.0072
        }
    },
    "root_group": {
        "name": "",
        "path": "",
        "id": "d41d8cd98f00b204e9800998ecf8427e",
        "groups": {},
        "checks": {
                "200 OK": {
                    "passes": 0,
                    "fails": 1,
                    "name": "200 OK",
                    "path": "::200 OK",
                    "id": "e9654c443eff553da9e69eda7007924e"
                },
                "201 Created": {
                    "name": "201 Created",
                    "path": "::201 Created",
                    "id": "728dcd977aae263ca314731145e1d447",
                    "passes": 0,
                    "fails": 1
                },
                "204 No Content": {
                    "name": "204 No Content",
                    "path": "::204 No Content",
                    "id": "54fa3c2eda34e1622fda2da5e0479fc5",
                    "passes": 0,
                    "fails": 1
                },
                "400 Bad Request": {
                    "id": "eeae81934b9b58bccaf0184a6d070338",
                    "passes": 0,
                    "fails": 1,
                    "name": "400 Bad Request",
                    "path": "::400 Bad Request"
                },
                "401 Unauthorized": {
                    "name": "401 Unauthorized",
                    "path": "::401 Unauthorized",
                    "id": "6ae9254e6aefe7f0bafe5102fa7e20a5",
                    "passes": 0,
                    "fails": 1
                },
                "403 Forbidden": {
                    "passes": 0,
                    "fails": 1,
                    "name": "403 Forbidden",
                    "path": "::403 Forbidden",
                    "id": "655548b761742c5a7ad15aa7df3a5d9c"
                },
                "404 Not Found": {
                    "name": "404 Not Found",
                    "path": "::404 Not Found",
                    "id": "df1528f9925ca236bac51008f77b774a",
                    "passes": 0,
                    "fails": 1
                },
                "429 Too Many Requests": {
                    "name": "429 Too Many Requests",
                    "path": "::429 Too Many Requests",
                    "id": "b810c35b9499cc7342fd415032e3a6aa",
                    "passes": 0,
                    "fails": 1
                },
                "500 Internal Server Error": {
                    "name": "500 Internal Server Error",
                    "path": "::500 Internal Server Error",
                    "id": "3cd96245b24e869810efe46d533b0eef",
                    "passes": 1,
                    "fails": 0
                },
                "502 Bad Gateway": {
                    "passes": 0,
                    "fails": 1,
                    "name": "502 Bad Gateway",
                    "path": "::502 Bad Gateway",
                    "id": "712cb0ec189a11f31f0d6d0c0031b569"
                },
                "503 Service Unavailable": {
                    "passes": 0,
                    "fails": 1,
                    "name": "503 Service Unavailable",
                    "path": "::503 Service Unavailable",
                    "id": "f1ea1a22be0dc738c385523a66ea1cd9"
                },
                "504 Gateway Timeout": {
                    "fails": 1,
                    "name": "504 Gateway Timeout",
                    "path": "::504 Gateway Timeout",
                    "id": "218efb729cb654723ccd57c6ebbebe29",
                    "passes": 0
                }
            }
    }
}