{
    "metrics": {
        "vus_max": {
            "value": 300,
            "min": 300,
            "max": 300
        },
        "http_req_sending": {
            "avg": 0.41405699999999995,
            "min": 0,
            "med": 0,
            "max": 32.9576,
            "p(90)": 1.001,
            "p(95)": 1.019
        },
        "checks": {
            "passes": 300,
            "fails": 3300,
            "value": 0.08333333333333333
        },
        "vus": {
            "value": 1,
            "min": 1,
            "max": 300
        },
        "data_received": {
            "count": 21605004,
            "rate": 490847.4774228207
        },
        "http_req_receiving": {
            "p(90)": 3316.8792400000025,
            "p(95)": 4106.979545000001,
            "avg": 1580.5576713333337,
            "min": 4.9055,
            "med": 1537.0424,
            "max": 11492.1015
        },
        "http_req_duration": {
            "p(95)": 35168.408955000006,
            "avg": 32419.813832666656,
            "min": 28811.6392,
            "med": 32463.343249999998,
            "max": 42916.5271,
            "p(90)": 34445.98371
        },
        "http_req_blocked": {
            "p(90)": 99.58402000000002,
            "p(95)": 104.848505,
            "avg": 66.32039266666666,
            "min": 17.3315,
            "med": 75.81790000000001,
            "max": 113.8611
        },
        "iteration_duration": {
            "avg": 33486.770468333336,
            "min": 29849.0549,
            "med": 33519.78285,
            "max": 44002.0213,
            "p(90)": 35525.31248,
            "p(95)": 36252.40534500001
        },
        "http_req_tls_handshaking": {
            "max": 93.8378,
            "p(90)": 67.52001,
            "p(95)": 69.421325,
            "avg": 45.61068633333333,
            "min": 12.5481,
            "med": 52.06785
        },
        "http_req_waiting": {
            "avg": 30838.842104333336,
            "min": 28804.7768,
            "med": 31224.781150000003,
            "max": 32472.1866,
            "p(90)": 31692.85813,
            "p(95)": 31722.599515
        },
        "http_reqs": {
            "count": 300,
            "rate": 6.815747093906865
        },
        "data_sent": {
            "count": 399204,
            "rate": 9069.578342919987
        },
        "iterations": {
            "count": 300,
            "rate": 6.815747093906865
        },
        "http_req_duration{expected_response:true}": {
            "p(95)": 35168.408955000006,
            "avg": 32419.813832666656,
            "min": 28811.6392,
            "med": 32463.343249999998,
            "max": 42916.5271,
            "p(90)": 34445.98371
        },
        "http_req_connecting": {
            "med": 13.06495,
            "max": 63.6655,
            "p(90)": 26.12271,
            "p(95)": 42.434320000000014,
            "avg": 16.528515999999996,
            "min": 4.1116
        },
        "http_req_failed": {
            "passes": 0,
            "fails": 300,
            "value": 0
        }
    },
    "root_group": {
        "name": "",
        "path": "",
        "id": "d41d8cd98f00b204e9800998ecf8427e",
        "groups": {},
        "checks": {
                "200 OK": {
                    "path": "::200 OK",
                    "id": "e9654c443eff553da9e69eda7007924e",
                    "passes": 300,
                    "fails": 0,
                    "name": "200 OK"
                },
                "201 Created": {
                    "fails": 300,
                    "name": "201 Created",
                    "path": "::201 Created",
                    "id": "728dcd977aae263ca314731145e1d447",
                    "passes": 0
                },
                "204 No Content": {
                    "name": "204 No Content",
                    "path": "::204 No Content",
                    "id": "54fa3c2eda34e1622fda2da5e0479fc5",
                    "passes": 0,
                    "fails": 300
                },
                "400 Bad Request": {
                    "name": "400 Bad Request",
                    "path": "::400 Bad Request",
                    "id": "eeae81934b9b58bccaf0184a6d070338",
                    "passes": 0,
                    "fails": 300
                },
                "401 Unauthorized": {
                    "name": "401 Unauthorized",
                    "path": "::401 Unauthorized",
                    "id": "6ae9254e6aefe7f0bafe5102fa7e20a5",
                    "passes": 0,
                    "fails": 300
                },
                "403 Forbidden": {
                    "name": "403 Forbidden",
                    "path": "::403 Forbidden",
                    "id": "655548b761742c5a7ad15aa7df3a5d9c",
                    "passes": 0,
                    "fails": 300
                },
                "404 Not Found": {
                    "path": "::404 Not Found",
                    "id": "df1528f9925ca236bac51008f77b774a",
                    "passes": 0,
                    "fails": 300,
                    "name": "404 Not Found"
                },
                "429 Too Many Requests": {
                    "id": "b810c35b9499cc7342fd415032e3a6aa",
                    "passes": 0,
                    "fails": 300,
                    "name": "429 Too Many Requests",
                    "path": "::429 Too Many Requests"
                },
                "500 Internal Server Error": {
                    "name": "500 Internal Server Error",
                    "path": "::500 Internal Server Error",
                    "id": "3cd96245b24e869810efe46d533b0eef",
                    "passes": 0,
                    "fails": 300
                },
                "502 Bad Gateway": {
                    "name": "502 Bad Gateway",
                    "path": "::502 Bad Gateway",
                    "id": "712cb0ec189a11f31f0d6d0c0031b569",
                    "passes": 0,
                    "fails": 300
                },
                "503 Service Unavailable": {
                    "passes": 0,
                    "fails": 300,
                    "name": "503 Service Unavailable",
                    "path": "::503 Service Unavailable",
                    "id": "f1ea1a22be0dc738c385523a66ea1cd9"
                },
                "504 Gateway Timeout": {
                    "passes": 0,
                    "fails": 300,
                    "name": "504 Gateway Timeout",
                    "path": "::504 Gateway Timeout",
                    "id": "218efb729cb654723ccd57c6ebbebe29"
                }
            }
    }
}