{
    "metrics": {
        "http_req_receiving": {
            "avg": 0.4287399285714287,
            "min": 0,
            "med": 0.2839,
            "max": 11.2469,
            "p(90)": 0.9848100000000003,
            "p(95)": 1.06027
        },
        "iterations": {
            "rate": 24.123618741038374,
            "count": 1400
        },
        "data_received": {
            "rate": 219585.37743955175,
            "count": 12743508
        },
        "http_req_connecting": {
            "med": 155.0051,
            "max": 215.0078,
            "p(90)": 164.0015,
            "p(95)": 167.00267,
            "avg": 151.29129921428557,
            "min": 51.9988
        },
        "checks": {
            "passes": 1400,
            "fails": 15400,
            "value": 0.08333333333333333
        },
        "http_req_duration": {
            "med": 30829.39615,
            "max": 56596.2684,
            "p(90)": 52774.11131000001,
            "p(95)": 54957.86935,
            "avg": 30692.18725007142,
            "min": 893.8072
        },
        "http_reqs": {
            "count": 1400,
            "rate": 24.123618741038374
        },
        "http_req_blocked": {
            "avg": 332.321203571429,
            "min": 121.0007,
            "med": 333.00545,
            "max": 490.1613,
            "p(90)": 404.25084000000015,
            "p(95)": 421.163775
        },
        "http_req_waiting": {
            "max": 56594.9505,
            "p(90)": 52773.72559000001,
            "p(95)": 54957.58481,
            "avg": 30691.471516214257,
            "min": 892.0114,
            "med": 30828.37515
        },
        "vus_max": {
            "value": 1400,
            "min": 1400,
            "max": 1400
        },
        "vus": {
            "value": 10,
            "min": 10,
            "max": 1400
        },
        "iteration_duration": {
            "avg": 32025.681066642876,
            "min": 2164.5759,
            "med": 32123.53695,
            "max": 57959.5374,
            "p(90)": 54127.863840000005,
            "p(95)": 56324.11749
        },
        "http_req_duration{expected_response:true}": {
            "avg": 30692.18725007142,
            "min": 893.8072,
            "med": 30829.39615,
            "max": 56596.2684,
            "p(90)": 52774.11131000001,
            "p(95)": 54957.86935
        },
        "http_req_tls_handshaking": {
            "max": 286.1775,
            "p(90)": 253.1571,
            "p(95)": 270.1601,
            "avg": 179.7382317142859,
            "min": 7.9985,
            "med": 169.5036
        },
        "http_req_sending": {
            "max": 10.0017,
            "p(90)": 1.00051,
            "p(95)": 1.0021,
            "avg": 0.28699392857142875,
            "min": 0,
            "med": 0
        },
        "http_req_failed": {
            "passes": 0,
            "fails": 1400,
            "value": 0
        },
        "data_sent": {
            "count": 2301600,
            "rate": 39659.22921026709
        }
    },
    "root_group": {
        "path": "",
        "id": "d41d8cd98f00b204e9800998ecf8427e",
        "groups": {},
        "checks": {
                "200 OK": {
                    "fails": 0,
                    "name": "200 OK",
                    "path": "::200 OK",
                    "id": "e9654c443eff553da9e69eda7007924e",
                    "passes": 1400
                },
                "201 Created": {
                    "fails": 1400,
                    "name": "201 Created",
                    "path": "::201 Created",
                    "id": "728dcd977aae263ca314731145e1d447",
                    "passes": 0
                },
                "204 No Content": {
                    "id": "54fa3c2eda34e1622fda2da5e0479fc5",
                    "passes": 0,
                    "fails": 1400,
                    "name": "204 No Content",
                    "path": "::204 No Content"
                },
                "400 Bad Request": {
                    "name": "400 Bad Request",
                    "path": "::400 Bad Request",
                    "id": "eeae81934b9b58bccaf0184a6d070338",
                    "passes": 0,
                    "fails": 1400
                },
                "401 Unauthorized": {
                    "id": "6ae9254e6aefe7f0bafe5102fa7e20a5",
                    "passes": 0,
                    "fails": 1400,
                    "name": "401 Unauthorized",
                    "path": "::401 Unauthorized"
                },
                "403 Forbidden": {
                    "id": "655548b761742c5a7ad15aa7df3a5d9c",
                    "passes": 0,
                    "fails": 1400,
                    "name": "403 Forbidden",
                    "path": "::403 Forbidden"
                },
                "404 Not Found": {
                    "name": "404 Not Found",
                    "path": "::404 Not Found",
                    "id": "df1528f9925ca236bac51008f77b774a",
                    "passes": 0,
                    "fails": 1400
                },
                "429 Too Many Requests": {
                    "name": "429 Too Many Requests",
                    "path": "::429 Too Many Requests",
                    "id": "b810c35b9499cc7342fd415032e3a6aa",
                    "passes": 0,
                    "fails": 1400
                },
                "500 Internal Server Error": {
                    "fails": 1400,
                    "name": "500 Internal Server Error",
                    "path": "::500 Internal Server Error",
                    "id": "3cd96245b24e869810efe46d533b0eef",
                    "passes": 0
                },
                "502 Bad Gateway": {
                    "name": "502 Bad Gateway",
                    "path": "::502 Bad Gateway",
                    "id": "712cb0ec189a11f31f0d6d0c0031b569",
                    "passes": 0,
                    "fails": 1400
                },
                "503 Service Unavailable": {
                    "name": "503 Service Unavailable",
                    "path": "::503 Service Unavailable",
                    "id": "f1ea1a22be0dc738c385523a66ea1cd9",
                    "passes": 0,
                    "fails": 1400
                },
                "504 Gateway Timeout": {
                    "path": "::504 Gateway Timeout",
                    "id": "218efb729cb654723ccd57c6ebbebe29",
                    "passes": 0,
                    "fails": 1400,
                    "name": "504 Gateway Timeout"
                }
            },
        "name": ""
    }
}