{
    "metrics": {
        "http_req_tls_handshaking": {
            "p(95)": 54.805980000000005,
            "avg": 28.986735666666664,
            "min": 6.2113,
            "med": 26.7154,
            "max": 77.8089,
            "p(90)": 44.44176
        },
        "data_sent": {
            "count": 232576,
            "rate": 3800.4165656964506
        },
        "iteration_duration": {
            "max": 61132.4185,
            "p(90)": 61099.27283,
            "p(95)": 61110.285725,
            "avg": 43589.57411333334,
            "min": 4405.7935,
            "med": 61039.78935
        },
        "http_req_connecting": {
            "max": 57.0074,
            "p(90)": 47.0778,
            "p(95)": 49.1005,
            "avg": 21.22243333333334,
            "min": 3.9841,
            "med": 21.385849999999998
        },
        "vus": {
            "min": 200,
            "max": 300,
            "value": 200
        },
        "http_req_receiving": {
            "avg": 69.50078,
            "min": 0,
            "med": 0,
            "max": 214.952,
            "p(90)": 209.22531999999998,
            "p(95)": 209.91297
        },
        "iterations": {
            "count": 300,
            "rate": 4.902160883792546
        },
        "vus_max": {
            "value": 300,
            "min": 300,
            "max": 300
        },
        "http_req_duration": {
            "p(90)": 59975.087999999996,
            "p(95)": 59983.335895000004,
            "avg": 42495.92854200001,
            "min": 3336.8553,
            "med": 59936.460900000005,
            "max": 59987.7306
        },
        "http_req_duration{expected_response:true}": {
            "max": 10829.0846,
            "p(90)": 10341.87295,
            "p(95)": 10615.57876,
            "avg": 7586.972826,
            "min": 3336.8553,
            "med": 7829.43465
        },
        "http_req_sending": {
            "min": 0,
            "med": 0,
            "max": 13.98,
            "p(90)": 1.0019,
            "p(95)": 1.01794,
            "avg": 0.4237069999999999
        },
        "http_req_failed": {
            "passes": 200,
            "fails": 100,
            "value": 0.6666666666666666
        },
        "http_reqs": {
            "rate": 4.902160883792546,
            "count": 300
        },
        "http_req_blocked": {
            "p(95)": 78.005135,
            "avg": 50.998678333333324,
            "min": 12.3187,
            "med": 57.077799999999996,
            "max": 87.3184,
            "p(90)": 72.26867
        },
        "http_req_waiting": {
            "med": 59936.0908,
            "max": 59987.7306,
            "p(90)": 59974.624410000004,
            "p(95)": 59982.757385000004,
            "avg": 42426.00405500002,
            "min": 3129.3603
        },
        "checks": {
            "passes": 100,
            "fails": 3500,
            "value": 0.027777777777777776
        },
        "data_received": {
            "count": 2447990,
            "rate": 40001.46940638438
        }
    },
    "root_group": {
        "path": "",
        "id": "d41d8cd98f00b204e9800998ecf8427e",
        "groups": {},
        "checks": {
                "200 OK": {
                    "name": "200 OK",
                    "path": "::200 OK",
                    "id": "e9654c443eff553da9e69eda7007924e",
                    "passes": 100,
                    "fails": 200
                },
                "201 Created": {
                    "id": "728dcd977aae263ca314731145e1d447",
                    "passes": 0,
                    "fails": 300,
                    "name": "201 Created",
                    "path": "::201 Created"
                },
                "204 No Content": {
                    "name": "204 No Content",
                    "path": "::204 No Content",
                    "id": "54fa3c2eda34e1622fda2da5e0479fc5",
                    "passes": 0,
                    "fails": 300
                },
                "400 Bad Request": {
                    "passes": 0,
                    "fails": 300,
                    "name": "400 Bad Request",
                    "path": "::400 Bad Request",
                    "id": "eeae81934b9b58bccaf0184a6d070338"
                },
                "401 Unauthorized": {
                    "name": "401 Unauthorized",
                    "path": "::401 Unauthorized",
                    "id": "6ae9254e6aefe7f0bafe5102fa7e20a5",
                    "passes": 0,
                    "fails": 300
                },
                "403 Forbidden": {
                    "id": "655548b761742c5a7ad15aa7df3a5d9c",
                    "passes": 0,
                    "fails": 300,
                    "name": "403 Forbidden",
                    "path": "::403 Forbidden"
                },
                "404 Not Found": {
                    "name": "404 Not Found",
                    "path": "::404 Not Found",
                    "id": "df1528f9925ca236bac51008f77b774a",
                    "passes": 0,
                    "fails": 300
                },
                "429 Too Many Requests": {
                    "id": "b810c35b9499cc7342fd415032e3a6aa",
                    "passes": 0,
                    "fails": 300,
                    "name": "429 Too Many Requests",
                    "path": "::429 Too Many Requests"
                },
                "500 Internal Server Error": {
                    "passes": 0,
                    "fails": 300,
                    "name": "500 Internal Server Error",
                    "path": "::500 Internal Server Error",
                    "id": "3cd96245b24e869810efe46d533b0eef"
                },
                "502 Bad Gateway": {
                    "fails": 300,
                    "name": "502 Bad Gateway",
                    "path": "::502 Bad Gateway",
                    "id": "712cb0ec189a11f31f0d6d0c0031b569",
                    "passes": 0
                },
                "503 Service Unavailable": {
                    "name": "503 Service Unavailable",
                    "path": "::503 Service Unavailable",
                    "id": "f1ea1a22be0dc738c385523a66ea1cd9",
                    "passes": 0,
                    "fails": 300
                },
                "504 Gateway Timeout": {
                    "name": "504 Gateway Timeout",
                    "path": "::504 Gateway Timeout",
                    "id": "218efb729cb654723ccd57c6ebbebe29",
                    "passes": 0,
                    "fails": 300
                }
            },
        "name": ""
    }
}